{"files":{"Mentor\\contact.html":{"frameworks":["fzistemplate","pg.insight.events","pg.svg.lib","pg.css.grid","pg.image.overlay","pg.code-validator","pg.project.items","pg.asset.manager","bs5","pg.html","pine.cone.lib","pg.components"]},"Mentor\\index.html":{"frameworks":["fzistemplate","pg.asset.manager","pg.project.items","pg.insight.events","pg.code-validator","pg.image.overlay","pg.css.grid","bs5","pg.html","pg.components"]},"Mentor\\about.html":{"frameworks":["fzistemplate","pg.insight.events","pg.asset.manager","pg.project.items","pg.code-validator","pg.css.grid","pg.image.overlay","bs5","pg.html","pg.components"]},"Mentor\\community.html":{"frameworks":["fzistemplate","pg.insight.events","pg.css.grid","pg.image.overlay","pg.code-validator","pg.project.items","pg.asset.manager","bs5","pg.html","pg.components"]},"Mentor\\starter-page.html":{"frameworks":["fzistemplate","pg.bs5.lib","pg.insight.events","pg.asset.manager","pg.css.grid","pg.project.items","pg.image.overlay","pg.code-validator","bs5","pg.html","pine.cone.lib","pg.components"]},"Mentor\\payment.html":{"frameworks":["fzistemplate","pg.bs5.lib","pg.insight.events","pg.asset.manager","pg.project.items","pg.code-validator","pg.image.overlay","pg.css.grid","bs5","pg.html","pine.cone.lib","pg.components"]},"Mentor\\trainers.html":{"frameworks":["fzistemplate","pg.bs5.lib","pg.insight.events","pg.svg.lib","pg.css.grid","pg.image.overlay","pg.code-validator","pg.project.items","pg.asset.manager","bs5","pg.html","pine.cone.lib","pg.components"]},"Mentor\\donate.html":{"frameworks":["fzistemplate","pg.bs5.lib","pg.insight.events","pg.asset.manager","pg.project.items","pg.code-validator","pg.image.overlay","pg.css.grid","bs5","pg.html","pine.cone.lib","pg.components"]},"Mentor\\login.html":{"frameworks":["fzistemplate","pg.bs5.lib","pg.insight.events","pg.asset.manager","pg.css.grid","pg.project.items","pg.image.overlay","pg.code-validator","bs5","pg.html","pine.cone.lib","pg.components"]},"Mentor\\signup.html":{"frameworks":["fzistemplate","pg.bs5.lib","pg.insight.events","pg.svg.lib","pg.css.grid","pg.image.overlay","pg.code-validator","pg.project.items","pg.asset.manager","bs5","pg.html","pine.cone.lib","pg.components"]},"Mentor\\registrations.html":{"frameworks":["fzistemplate","pg.bs5.lib","pg.insight.events","pg.asset.manager","pg.css.grid","pg.project.items","pg.image.overlay","pg.code-validator","bs5","pg.html","pine.cone.lib","pg.components"]},"Mentor\\thanks.html":{"frameworks":["fzistemplate","pg.bs5.lib","pg.insight.events","pg.asset.manager","pg.css.grid","pg.project.items","pg.image.overlay","pg.code-validator","bs5","pg.html","pine.cone.lib","pg.components"]}},"open-pages":["public/404.html","public/index.html"],"active-design-provider":"bs5","urls":{"Mentor/contact.html":{"open-with-wrapper":false,"open-page-views":[{"w":1024,"h":0}]},"Mentor/about.html":{"open-with-wrapper":false,"open-page-views":[{"w":1024,"h":0}]},"Mentor/starter-page.html":{"open-with-wrapper":false,"open-page-views":[{"w":1024,"h":0}]},"Mentor/index.html":{"open-with-wrapper":false,"open-page-views":[{"w":1280,"h":800}]},"Mentor/course-details.html":{"open-with-wrapper":false,"open-page-views":[{"w":1024,"h":0}]},"Mentor/courses.html":{"open-with-wrapper":false,"open-page-views":[{"w":1024,"h":0}]},"Mentor/events.html":{"open-with-wrapper":false,"open-page-views":[{"w":1024,"h":0}]},"Mentor/trainers.html":{"open-with-wrapper":false,"open-page-views":[{"w":1280,"h":800}]},"Mentor/pricing.html":{"open-with-wrapper":false,"open-page-views":[{"w":1024,"h":0}]},"Mentor/payment.html":{"open-with-wrapper":false,"open-page-views":[{"w":1280,"h":800}]},"Mentor/community.html":{"open-with-wrapper":false,"open-page-views":[{"w":1024,"h":0}]},"file:///C:/Users/stick/Downloads/react-paypal-button-v2-master/react-paypal-button-v2-master/example/index.html":{"open-page-views":[{"w":1024,"h":0}]},"file:///C:/Users/stick/Downloads/index.html":{"open-page-views":[{"w":1024,"h":0}],"open-with-wrapper":false},"file:///C:/Users/stick/Downloads/payment.html":{"open-page-views":[{"w":1024,"h":0}],"open-with-wrapper":false},"Mentor/donate.html":{"open-with-wrapper":false,"open-page-views":[{"w":1280,"h":800}]},"Mentor/login.html":{"open-with-wrapper":false,"open-page-views":[{"w":1024,"h":0}]},"Mentor/signin.html":{"open-with-wrapper":false,"open-page-views":[{"w":1024,"h":0}]},"Mentor/signup.html":{"open-with-wrapper":false,"open-page-views":[{"w":1024,"h":0}]},"Mentor/registrations.html":{"open-with-wrapper":false,"open-page-views":[{"w":1024,"h":0}]},"Mentor/thanks.html":{"open-with-wrapper":false,"open-page-views":[{"w":1024,"h":0}]},"public/404.html":{"open-with-wrapper":false,"open-page-views":[{"w":1024,"h":0}]},"public/index.html":{"open-with-wrapper":false,"open-page-views":[{"w":414,"h":896}]}},"ai-project-brief":"This is a website for Fatima Zahra Islamic School (FZIS). It is a madrassa (Islamic school) that runs every saturday for 4 terms. Help me create a website that will contain donations, enrolment, about, events, etc.","breakpoints":["420px","576px","767px","769px","992px","1024px","1200px","1400px"],"frameworks":["fzistemplate","pg.bs5.lib","pg.insight.events","pg.svg.lib","pg.css.grid","pg.image.overlay","pg.code-validator","pg.project.items","pg.asset.manager","bs5","pg.html","pine.cone.lib","pg.components"]}